id,firstname,middlename,lastname,cardnumber,creditlimit
1,Maria,Matthew,Brown,2147483647,8900.0
2,Bruce,Kimberly,Harris,2147483647,9000.0
3,Jason,Russell,Jacobs,2147483647,8500.0
4,Tammy,Denise,Richards,2147483647,8000.0
5,Terry,Pamela,Bennett,2147483647,8500.0
6,Alice,Rose,Lopez,2147483647,9000.0
7,Howard,Timothy,Ortiz,2147483647,9250.0
8,Annie,Amy,Thomas,2147483647,7250.0
9,Susan,Tina,Scott,2147483647,7000.0
10,Johnny,Kelly,Mccoy,2147483647,8500.0
11,Marie,Joe,Grant,2147483647,10000.0
12,John,Andrew,Garcia,2147483647,8000.0
13,Nicholas,Shirley,Wood,2147483647,10000.0
14,Katherine,Jerry,Hayes,2147483647,9000.0
15,Paul,Evelyn,Richardson,2147483647,8750.0
16,Jason,Michelle,Hart,2147483647,7750.0
17,Beverly,Jason,Myers,2147483647,8750.0
18,Philip,Sara,Allen,2147483647,8900.0
19,Thomas,Deborah,Martinez,2147483647,8000.0
20,Antonio,Sharon,Ward,2147483647,10000.0
21,Roger,Lori,Collins,2147483647,8000.0
22,Bobby,Gloria,Moreno,2147483647,7750.0
23,Jimmy,Gregory,Dixon,2147483647,8500.0
24,Frances,Jean,Bell,2147483647,10000.0
25,Ralph,Shawn,Washington,2147483647,10000.0
26,Jesse,Lisa,Woods,2147483647,8900.0
27,Philip,Gloria,Richards,2147483647,8500.0
28,Harold,Carl,Murray,2147483647,10000.0
29,Bruce,Marilyn,Andrews,2147483647,8750.0
30,Louis,Johnny,Flores,2147483647,9000.0
31,Nicole,Karen,Daniels,2147483647,7500.0
32,Billy,Harry,Woods,2147483647,9000.0
33,Steven,George,Williamson,2147483647,8500.0
34,Richard,Nicole,Hanson,2147483647,7750.0
35,Anthony,Nicole,Meyer,2147483647,8500.0
36,Marilyn,Bonnie,Holmes,2147483647,7000.0
37,Louis,Sharon,Taylor,2147483647,10000.0
38,Billy,Tina,Lawrence,2147483647,7250.0
39,Brenda,Shirley,James,2147483647,8900.0
40,Janet,Jennifer,Schmidt,2147483647,7000.0
41,Nancy,Sandra,Patterson,2147483647,8500.0
42,Billy,Jacqueline,Russell,2147483647,8750.0
43,Lawrence,Frank,Bishop,2147483647,8500.0
44,Randy,Earl,Mason,2147483647,8000.0
45,Jack,Bruce,Holmes,2147483647,7000.0
46,Beverly,Anthony,Ford,2147483647,7500.0
47,Linda,Ruth,Wright,2147483647,8500.0
48,Sara,Jose,Hayes,2147483647,8500.0
49,Joseph,Rebecca,Turner,2147483647,8000.0
50,Jean,Clarence,Brown,2147483647,9000.0
51,Janice,Gerald,Evans,2147483647,8000.0
52,Steve,Christopher,Sanchez,2147483647,8750.0
53,Billy,Keith,Nichols,2147483647,7500.0
54,Christine,Sandra,Henderson,2147483647,8500.0
55,Rebecca,Emily,Johnston,2147483647,8500.0
56,Cynthia,Donna,Thompson,2147483647,8500.0
57,Aaron,Philip,Mitchell,2147483647,9250.0
58,Billy,Anthony,Diaz,2147483647,7500.0
59,Peter,Angela,Collins,2147483647,8900.0
60,Karen,Andrea,Rivera,2147483647,8000.0
61,Margaret,Phyllis,Jacobs,2147483647,9000.0
62,Gloria,Johnny,Hawkins,2147483647,7750.0
63,John,Nancy,Wagner,2147483647,8900.0
64,Howard,Mary,Peterson,2147483647,8900.0
65,Walter,Denise,Gilbert,2147483647,8900.0
66,Teresa,Andrea,Torres,2147483647,7250.0
67,Gary,Christine,Chapman,2147483647,8000.0
68,Patricia,Laura,Chapman,2147483647,8500.0
69,Amy,Melissa,Ward,2147483647,8000.0
70,Patrick,Billy,Wilson,2147483647,7500.0
71,Dorothy,Patrick,Alexander,2147483647,8500.0
72,Kathy,Theresa,Simmons,2147483647,7250.0
73,Louis,Richard,Morales,2147483647,8750.0
74,Deborah,Samuel,Dixon,2147483647,8500.0
75,Jean,Terry,Jenkins,2147483647,8000.0
76,Matthew,Brian,Johnston,2147483647,8900.0
77,Cynthia,Antonio,Jackson,2147483647,10000.0
78,Carolyn,Jonathan,Hamilton,2147483647,8000.0
79,Brian,Angela,Turner,2147483647,7750.0
80,Earl,Dorothy,Diaz,2147483647,7500.0
81,Sarah,Lois,Armstrong,2147483647,9000.0
82,Kimberly,Joseph,Wells,2147483647,7750.0
83,Amy,Louise,Lewis,2147483647,7750.0
84,Justin,Angela,King,2147483647,8500.0
85,Andrea,Gary,Perez,2147483647,7750.0
86,William,Larry,Hall,2147483647,9000.0
87,Donald,Karen,Meyer,2147483647,8900.0
88,Donna,Martha,Jones,2147483647,7500.0
89,Scott,Lawrence,Reid,2147483647,8900.0
90,Shawn,Raymond,Bryant,2147483647,8500.0
91,Joseph,Juan,Alvarez,2147483647,9000.0
92,Eugene,Sharon,Carter,2147483647,10000.0
93,Lawrence,Roy,Kelly,2147483647,10000.0
94,Jonathan,Chris,Baker,2147483647,7000.0
95,Laura,Michael,Henry,2147483647,8000.0
96,Jack,Lillian,Robertson,2147483647,8500.0
97,Mildred,Kenneth,Jackson,2147483647,9250.0
98,Gregory,Chris,Graham,2147483647,7750.0
99,Harry,Gloria,Hayes,2147483647,8500.0
100,Wayne,Johnny,Wells,2147483647,7750.0
101,Carl,Joshua,Mccoy,2147483647,9250.0
102,Christina,Roy,Peterson,2147483647,8500.0
103,Ronald,Martha,Reynolds,2147483647,8500.0
104,Terry,Louis,Murphy,2147483647,8500.0
105,Andrea,Barbara,Nguyen,2147483647,8750.0
106,Henry,Kevin,Harris,2147483647,8500.0
107,Charles,Jimmy,Daniels,2147483647,7500.0
108,Catherine,Daniel,Hayes,2147483647,8900.0
109,Lillian,Thomas,Grant,2147483647,7250.0
110,Laura,Rose,Jordan,2147483647,8500.0
111,Nicholas,Nicholas,Davis,2147483647,8900.0
112,Anne,Harry,Mcdonald,2147483647,7250.0
113,Jane,Phillip,Richards,2147483647,7500.0
114,Ernest,Sandra,Romero,2147483647,7000.0
115,Juan,Paul,Robinson,2147483647,7500.0
116,Justin,Brenda,Jacobs,2147483647,7500.0
117,Laura,George,Fields,2147483647,8500.0
118,Brian,Antonio,Ross,2147483647,8750.0
119,Steve,Fred,Dunn,2147483647,7250.0
120,Kathleen,Dorothy,Long,2147483647,10000.0
121,Melissa,Jack,Carr,2147483647,7500.0
122,Debra,Rose,Thompson,2147483647,8000.0
123,Andrew,Susan,Rice,2147483647,7250.0
124,Amy,Todd,Hunt,2147483647,9000.0
125,Diana,Jack,Dunn,2147483647,7000.0
126,Rose,Ann,Hill,2147483647,8000.0
127,Ernest,Tammy,Wood,2147483647,8500.0
128,Harry,Brandon,Ross,2147483647,8500.0
129,Diane,William,Mccoy,2147483647,9000.0
130,Martha,Annie,Tucker,2147483647,10000.0
131,Ashley,Teresa,Collins,2147483647,8500.0
132,Joan,Marilyn,Gordon,2147483647,9000.0
133,Ryan,Ernest,Owens,2147483647,8500.0
134,Annie,Willie,Mccoy,2147483647,9250.0
135,Donna,Albert,Shaw,2147483647,8750.0
136,Johnny,Anthony,Kim,2147483647,7000.0
137,Michelle,Heather,Little,2147483647,8750.0
138,Virginia,Douglas,Davis,2147483647,10000.0
139,Thomas,Roy,Hall,2147483647,8000.0
140,Gary,Denise,Nichols,2147483647,8750.0
141,Todd,Judith,Wallace,2147483647,8500.0
142,Joshua,Jane,Wallace,2147483647,10000.0
143,Patrick,Keith,Burke,2147483647,9000.0
144,Marilyn,Stephen,Lawson,2147483647,8900.0
145,Jane,Sean,Brooks,2147483647,7250.0
146,Kathleen,Jimmy,Mason,2147483647,7500.0
147,Charles,Judith,Lane,2147483647,10000.0
148,Katherine,Beverly,Boyd,2147483647,8500.0
149,Russell,Sharon,Robinson,2147483647,7500.0
150,Debra,Maria,Cooper,2147483647,7000.0
151,Antonio,Louise,Mccoy,2147483647,8900.0
152,Sandra,Kathleen,Meyer,2147483647,8500.0
153,Peter,Matthew,Howell,2147483647,9000.0
154,Ashley,Margaret,Jackson,2147483647,8500.0
155,Virginia,Billy,Sullivan,2147483647,8500.0
156,Fred,Ryan,Kelly,2147483647,8500.0
157,Anne,Bonnie,Jacobs,2147483647,10000.0
158,Ruby,Margaret,Miller,2147483647,7750.0
159,Denise,Tina,Rogers,2147483647,7000.0
160,Bonnie,Bonnie,Lane,2147483647,8500.0
161,Brenda,Alan,Elliott,2147483647,7750.0
162,Shirley,Norma,Rodriguez,2147483647,8000.0
163,Justin,Craig,Hall,2147483647,8500.0
164,Chris,Jane,Cook,2147483647,7250.0
165,Michelle,Janice,Greene,2147483647,7250.0
166,Melissa,Kimberly,Stephens,2147483647,8000.0
167,James,Kimberly,Bowman,2147483647,9000.0
168,Karen,William,Payne,2147483647,8900.0
169,Rose,Anna,Henry,2147483647,7000.0
170,Kenneth,Ruby,King,2147483647,8500.0
171,Bobby,Steven,Gordon,2147483647,8500.0
172,Carlos,Jeffrey,Watkins,2147483647,7250.0
173,Ronald,Theresa,Weaver,2147483647,7000.0
174,Todd,Janet,Torres,2147483647,7750.0
175,Christine,Jane,Larson,2147483647,9250.0
176,Deborah,Michelle,Murphy,2147483647,8000.0
177,Deborah,Samuel,Richardson,2147483647,8900.0
178,Ashley,Lawrence,Foster,2147483647,7750.0
179,Evelyn,Todd,Wood,2147483647,9000.0
180,Carol,Charles,Lopez,2147483647,8750.0
181,Timothy,Katherine,Stephens,2147483647,9250.0
182,Tammy,Terry,Gomez,2147483647,9250.0
183,Jeremy,Jennifer,Jordan,2147483647,9000.0
184,Mary,Benjamin,Hamilton,2147483647,7250.0
185,Steve,Lisa,Daniels,2147483647,8900.0
186,Bonnie,Jeremy,Russell,2147483647,8500.0
187,Victor,Willie,Allen,2147483647,8750.0
188,Patricia,Martha,Reynolds,2147483647,7250.0
189,Alan,Johnny,Lawson,2147483647,7000.0
190,Betty,Judy,Garza,2147483647,9250.0
191,Lori,Albert,Hernandez,2147483647,9000.0
192,Diana,Linda,Hicks,2147483647,9250.0
193,Angela,Samuel,Mendoza,2147483647,8750.0
194,Andrea,Gary,Flores,2147483647,7500.0
195,Daniel,Thomas,Daniels,2147483647,7000.0
196,Fred,Shawn,Weaver,2147483647,8000.0
197,Steve,Eric,James,2147483647,9250.0
198,Julia,Pamela,Henderson,2147483647,7500.0
199,William,Margaret,Marshall,2147483647,8500.0
200,Paula,Richard,Day,2147483647,8500.0
201,Martin,Ronald,Howard,2147483647,8500.0
202,Bonnie,Angela,Harris,2147483647,9000.0
203,Stephen,Stephen,Morales,2147483647,9000.0
204,Christopher,Robert,Simmons,2147483647,7750.0
205,Norma,Anne,Kim,2147483647,7000.0
206,Douglas,Christine,Knight,2147483647,7750.0
207,Terry,James,George,2147483647,7750.0
208,Harry,Tina,Lopez,2147483647,8750.0
209,Ruth,Anthony,Wallace,2147483647,7750.0
210,Nicole,Melissa,Alexander,2147483647,8900.0
211,Kelly,Willie,Hudson,2147483647,8500.0
212,Patrick,Christopher,Gray,2147483647,7500.0
213,Betty,Kathleen,Morrison,2147483647,8750.0
214,Karen,Marie,Harris,2147483647,7250.0
215,Theresa,Fred,Burns,2147483647,8900.0
216,Sarah,Annie,Brooks,2147483647,9250.0
217,Brandon,Lois,Castillo,2147483647,7750.0
218,Margaret,Diane,Flores,2147483647,7250.0
219,Joan,Patricia,Murray,2147483647,8500.0
220,Anna,Philip,Elliott,2147483647,10000.0
221,Sean,Larry,Jones,2147483647,9000.0
222,Adam,Steven,Long,2147483647,8000.0
223,Donna,Joshua,Kim,2147483647,9000.0
224,Beverly,Lois,Howard,2147483647,8900.0
225,Aaron,Jeffrey,Rivera,2147483647,10000.0
226,Barbara,Heather,Coleman,2147483647,8500.0
227,Angela,Lois,Washington,2147483647,7750.0
228,Billy,Sandra,Davis,2147483647,8900.0
229,Margaret,Virginia,Crawford,2147483647,8900.0
230,Alice,Lawrence,Simpson,2147483647,7500.0
231,Margaret,Juan,Cruz,2147483647,10000.0
232,Charles,James,Ferguson,2147483647,7000.0
233,Kelly,Carlos,Rogers,2147483647,9250.0
234,Ryan,Melissa,Medina,2147483647,7750.0
235,Victor,Carolyn,Jackson,2147483647,9000.0
236,Christine,Margaret,Crawford,2147483647,8500.0
237,Thomas,Roy,Reynolds,2147483647,7000.0
238,Theresa,Julie,Medina,2147483647,9000.0
239,Steve,Jeffrey,Diaz,2147483647,7750.0
240,Stephen,Jean,Chavez,2147483647,10000.0
241,Cynthia,Susan,George,2147483647,9000.0
242,Sandra,Kelly,King,2147483647,8500.0
243,Lori,Clarence,Stanley,2147483647,8900.0
244,Paul,Joseph,Collins,2147483647,8500.0
245,Julie,Deborah,Webb,2147483647,8500.0
246,David,Barbara,Carpenter,2147483647,7750.0
247,Wanda,Gloria,Arnold,2147483647,8500.0
248,Justin,Sean,Jacobs,2147483647,8500.0
249,Steve,Justin,Kennedy,2147483647,10000.0
250,Ashley,Annie,Fernandez,2147483647,7000.0
251,Norma,Earl,Kelley,2147483647,8500.0
252,Christopher,Wanda,Daniels,2147483647,7250.0
253,David,Denise,Brooks,2147483647,8000.0
254,Carl,Ann,Frazier,2147483647,7500.0
255,Bruce,Russell,Dixon,2147483647,9250.0
256,Carolyn,Steve,Rice,2147483647,9000.0
257,Deborah,Sharon,Harper,2147483647,8000.0
258,Jason,Howard,Murphy,2147483647,8000.0
259,Carl,Ruby,Sims,2147483647,7250.0
260,Kevin,Jennifer,Reed,2147483647,8500.0
261,Jose,Nancy,Hamilton,2147483647,9000.0
262,Harry,Marie,Boyd,2147483647,8750.0
263,Elizabeth,Julie,Torres,2147483647,7000.0
264,Denise,Jeffrey,Reyes,2147483647,8900.0
265,Donna,William,Moreno,2147483647,8000.0
266,Nicholas,Julie,Hill,2147483647,8000.0
267,Shawn,James,Taylor,2147483647,7750.0
268,Douglas,Ruby,Kennedy,2147483647,8750.0
269,Kathleen,Carl,Lee,2147483647,8750.0
270,Wanda,Annie,Lawrence,2147483647,9000.0
271,Carl,Robert,Olson,2147483647,8500.0
272,Johnny,Nicole,Porter,2147483647,7750.0
273,Karen,Rebecca,James,2147483647,8500.0
274,Louis,Anna,Wilson,2147483647,9250.0
275,Dorothy,James,Fields,2147483647,7750.0
276,Johnny,Matthew,Ruiz,2147483647,10000.0
277,Phillip,Todd,Hunt,2147483647,10000.0
278,Michael,Barbara,Phillips,2147483647,8500.0
279,Betty,Andrew,Arnold,2147483647,8750.0
280,Juan,Richard,Ross,2147483647,10000.0
281,Michelle,Kathy,Elliott,2147483647,8000.0
282,Arthur,Jean,Fields,2147483647,9250.0
283,Louis,Donna,Flores,2147483647,10000.0
284,Bobby,Scott,Peterson,2147483647,7250.0
285,Todd,Judith,Porter,2147483647,10000.0
286,Diane,Emily,Baker,2147483647,7250.0
287,Eugene,Marie,Hicks,2147483647,7250.0
288,Margaret,Wanda,Carroll,2147483647,8900.0
289,Lisa,Adam,Lawson,2147483647,7500.0
290,Lawrence,Roger,Owens,2147483647,7750.0
291,Henry,Keith,Lopez,2147483647,10000.0
292,William,Susan,Daniels,2147483647,7750.0
293,Albert,Fred,Ellis,2147483647,7500.0
294,Brandon,Nancy,Armstrong,2147483647,9250.0
295,Annie,Johnny,Frazier,2147483647,8000.0
296,Judith,Helen,Arnold,2147483647,7500.0
297,Billy,Harold,Baker,2147483647,8500.0
298,Gary,Justin,Cole,2147483647,10000.0
299,Carol,Jeremy,Wagner,2147483647,8000.0
300,Dennis,Terry,Olson,2147483647,7000.0
301,Jessica,Jack,Myers,2147483647,8900.0
302,James,Richard,Porter,2147483647,8900.0
303,Marilyn,William,Smith,2147483647,8500.0
304,Shawn,Karen,Richardson,2147483647,8750.0
305,Catherine,Denise,Simmons,2147483647,7750.0
306,Jeffrey,Barbara,Andrews,2147483647,8900.0
307,Laura,Randy,Palmer,2147483647,8000.0
308,Virginia,Doris,Banks,2147483647,8500.0
309,Aaron,Patricia,Mitchell,2147483647,7500.0
310,Cynthia,Jeffrey,Hansen,2147483647,7500.0
311,Samuel,Christopher,Robertson,2147483647,8900.0
312,Kathryn,Mary,Adams,2147483647,8000.0
313,Michelle,Russell,Webb,2147483647,9000.0
314,Ashley,Barbara,Lopez,2147483647,8900.0
315,Charles,Walter,Edwards,2147483647,9000.0
316,Amy,Amy,Dixon,2147483647,8500.0
317,Ronald,Janet,Turner,2147483647,7000.0
318,Lisa,Marie,Dean,2147483647,9000.0
319,Scott,Julie,Bishop,2147483647,8750.0
320,Judy,Kevin,Cunningham,2147483647,8900.0
321,Dennis,Annie,Jones,2147483647,7250.0
322,Sara,Cynthia,Wright,2147483647,8500.0
323,Willie,Beverly,Williamson,2147483647,10000.0
324,Ryan,Billy,Lynch,2147483647,8900.0
325,Karen,Julie,Harper,2147483647,7750.0
326,Phillip,George,Spencer,2147483647,8000.0
327,Sara,Teresa,Gutierrez,2147483647,8900.0
328,Justin,Mark,Howard,2147483647,7500.0
329,Justin,Fred,Anderson,2147483647,9250.0
330,Helen,Mildred,Gomez,2147483647,9250.0
331,Linda,Wanda,Hughes,2147483647,8500.0
332,Betty,Kenneth,Chapman,2147483647,7500.0
333,Theresa,Earl,Hart,2147483647,10000.0
334,Carl,Larry,Gonzales,2147483647,8500.0
335,Beverly,Irene,Bell,2147483647,8000.0
336,Robin,Ruth,Harvey,2147483647,10000.0
337,Joe,Carlos,Cox,2147483647,8000.0
338,Beverly,Andrew,Riley,2147483647,7250.0
339,Stephen,Anna,Jordan,2147483647,8900.0
340,Bobby,Shirley,Reynolds,2147483647,7000.0
341,Emily,Donald,Bennett,2147483647,8000.0
342,Jennifer,Bruce,Taylor,2147483647,8500.0
343,Joan,Margaret,Fields,2147483647,7250.0
344,Lawrence,Harry,Willis,2147483647,7500.0
345,Lawrence,Kathleen,Morales,2147483647,9250.0
346,Keith,Ralph,Turner,2147483647,7750.0
347,Ryan,William,Cole,2147483647,9000.0
348,Steve,Mary,Bryant,2147483647,7750.0
349,Barbara,Kathleen,Stewart,2147483647,9250.0
350,Tammy,Eric,Burke,2147483647,9000.0
351,Fred,Eric,Lopez,2147483647,8000.0
352,Ann,Donna,Harvey,2147483647,7250.0
353,Julia,Brenda,Ward,2147483647,8500.0
354,Mildred,Douglas,Jacobs,2147483647,8900.0
355,Willie,Chris,Russell,2147483647,7250.0
356,Russell,Anne,Jackson,2147483647,7500.0
357,Janice,Christina,Fuller,2147483647,9250.0
358,Norma,Brandon,Harris,2147483647,8900.0
359,Howard,Adam,Frazier,2147483647,8900.0
360,Victor,Sarah,Bishop,2147483647,8750.0
361,Ronald,Rebecca,Carroll,2147483647,7750.0
362,Sara,Walter,Alvarez,2147483647,9250.0
363,Christine,Sarah,Williams,2147483647,8500.0
364,Craig,Henry,Rivera,2147483647,8750.0
365,Willie,Henry,Kennedy,2147483647,10000.0
366,Donna,Louise,Williams,2147483647,8750.0
367,Teresa,Anne,Franklin,2147483647,9000.0
368,Barbara,Ruth,Nelson,2147483647,8900.0
369,Jesse,Lisa,Wood,2147483647,10000.0
370,Heather,Rachel,Oliver,2147483647,8500.0
371,Samuel,Roger,Riley,2147483647,8900.0
372,Philip,Carolyn,Perez,2147483647,7000.0
373,Carol,Dorothy,Gomez,2147483647,8500.0
374,Roy,Steve,Reyes,2147483647,8000.0
375,Katherine,Daniel,Matthews,2147483647,9250.0
376,Annie,Angela,Welch,2147483647,9000.0
377,Martin,Ryan,Howard,2147483647,8000.0
378,Patricia,Victor,Sanders,2147483647,7500.0
379,Bruce,Diane,Stevens,2147483647,7500.0
380,Joyce,William,Mitchell,2147483647,10000.0
381,Kenneth,Lillian,Reynolds,2147483647,8500.0
382,Sarah,Paula,Knight,2147483647,8500.0
383,Mary,Billy,Foster,2147483647,8000.0
384,Jacqueline,Lisa,Pierce,2147483647,8500.0
385,Billy,Scott,Rivera,2147483647,10000.0
386,Ruth,Gary,Davis,2147483647,8000.0
387,Norma,Steve,Peters,2147483647,8500.0
388,Samuel,Joseph,Jordan,2147483647,8750.0
389,Joe,Rebecca,Lynch,2147483647,9250.0
390,Edward,Martin,Peterson,2147483647,10000.0
391,Sarah,Daniel,Jacobs,2147483647,9250.0
392,Dennis,Sara,Tucker,2147483647,8000.0
393,Mary,Rose,Cunningham,2147483647,8500.0
394,Jonathan,Jack,Evans,2147483647,8500.0
395,Christopher,Michelle,Reed,2147483647,8750.0
396,Howard,Carol,Fowler,2147483647,9250.0
397,Irene,Amy,Meyer,2147483647,7000.0
398,Dorothy,Andrea,Wells,2147483647,8000.0
399,Scott,Phillip,Watkins,2147483647,9000.0
400,Sharon,Jesse,Welch,2147483647,8500.0
401,Howard,Bonnie,Powell,2147483647,8900.0
402,Thomas,Karen,Patterson,2147483647,7750.0
403,Denise,Jack,Bishop,2147483647,7250.0
404,Mary,Joshua,Kelly,2147483647,8000.0
405,Kelly,Emily,James,2147483647,9000.0
406,Kelly,Juan,Brown,2147483647,8500.0
407,Janet,Emily,Spencer,2147483647,7000.0
408,Betty,Shirley,Cooper,2147483647,7500.0
409,Wayne,Sara,Thompson,2147483647,7000.0
410,Sandra,Denise,Cole,2147483647,8900.0
411,Jacqueline,Bruce,Hudson,2147483647,8000.0
412,Debra,Norma,Reynolds,2147483647,9000.0
413,David,Jeffrey,Alexander,2147483647,7750.0
414,Kathy,Diana,Stewart,2147483647,8900.0
415,Joan,Jennifer,Sullivan,2147483647,9000.0
416,Keith,Gerald,Porter,2147483647,7750.0
417,Jane,Patricia,Olson,2147483647,8500.0
418,Clarence,Anthony,Chapman,2147483647,8900.0
419,Norma,Howard,Williamson,2147483647,7250.0
420,Deborah,Laura,Little,2147483647,9000.0
421,Julia,Catherine,Mcdonald,2147483647,7250.0
422,Stephanie,Laura,Meyer,2147483647,9000.0
423,Nicholas,Justin,Wallace,2147483647,7750.0
424,Carlos,Joe,Hansen,2147483647,8900.0
425,Jeffrey,Rose,Tucker,2147483647,8900.0
426,Annie,William,Simmons,2147483647,8000.0
427,Keith,Kelly,Welch,2147483647,7750.0
428,Ernest,Brandon,Austin,2147483647,7500.0
429,Wayne,Justin,Williams,2147483647,7250.0
430,Nicholas,Margaret,Sullivan,2147483647,8500.0
431,Shawn,Andrew,Griffin,2147483647,8500.0
432,Nicole,Philip,Campbell,2147483647,9250.0
433,Gloria,Carolyn,Cox,2147483647,8500.0
434,Kevin,Betty,Russell,2147483647,8000.0
435,Teresa,Kathryn,Peterson,2147483647,10000.0
436,Scott,Henry,Gordon,2147483647,8900.0
437,Janet,Keith,Hawkins,2147483647,8750.0
438,Karen,Bonnie,Welch,2147483647,8750.0
439,Randy,Judith,Dixon,2147483647,10000.0
440,Lisa,Beverly,Ramirez,2147483647,7500.0
441,Samuel,Teresa,Williamson,2147483647,8500.0
442,Keith,Kenneth,Wallace,2147483647,7500.0
443,Stephen,Paula,Bennett,2147483647,9250.0
444,Dorothy,Janice,Fernandez,2147483647,7250.0
445,Tina,Amy,Payne,2147483647,10000.0
446,Joseph,Carlos,Mendoza,2147483647,8900.0
447,Beverly,Dorothy,Butler,2147483647,10000.0
448,Carol,Ruby,Nichols,2147483647,8500.0
449,Theresa,Nicholas,Hunter,2147483647,10000.0
450,Lisa,Adam,Martin,2147483647,8500.0
451,Judy,Christopher,Nguyen,2147483647,7250.0
452,Margaret,Jose,Ruiz,2147483647,8000.0
453,Teresa,Fred,Roberts,2147483647,8000.0
454,Gregory,Edward,Tucker,2147483647,7250.0
455,Phyllis,Jose,Richardson,2147483647,8500.0
456,Daniel,Scott,Morgan,2147483647,8000.0
457,Andrew,Martha,Stone,2147483647,10000.0
458,Katherine,Angela,West,2147483647,7500.0
459,Helen,Nicole,Lewis,2147483647,7250.0
460,Martin,Joyce,Harris,2147483647,7500.0
461,Annie,Frances,Perry,2147483647,8000.0
462,Robin,Mark,Johnston,2147483647,7250.0
463,Margaret,Albert,Fowler,2147483647,7500.0
464,Janice,Carl,Ramos,2147483647,9000.0
465,Ruth,Judith,Lewis,2147483647,8750.0
466,Kathleen,Kenneth,Jenkins,2147483647,8900.0
467,Clarence,Barbara,Murray,2147483647,8500.0
468,Donald,Helen,Mason,2147483647,8500.0
469,Marie,Dennis,Montgomery,2147483647,7250.0
470,Marie,Raymond,Price,2147483647,7000.0
471,Edward,Louis,Arnold,2147483647,7750.0
472,Benjamin,Virginia,Brooks,2147483647,8000.0
473,Lisa,Katherine,Banks,2147483647,10000.0
474,Phillip,Catherine,Hart,2147483647,10000.0
475,Catherine,Marie,Knight,2147483647,8500.0
476,Jacqueline,Diana,Welch,2147483647,8000.0
477,Walter,Joe,Kelley,2147483647,8900.0
478,Anna,Carolyn,Riley,2147483647,10000.0
479,Christina,Rose,Evans,2147483647,8000.0
480,Gregory,Jesse,Stevens,2147483647,7500.0
481,Eric,Steven,Carpenter,2147483647,7000.0
482,Steve,Lillian,Graham,2147483647,8000.0
483,Diana,Lois,Gibson,2147483647,7250.0
484,Christina,Lawrence,Gordon,2147483647,9000.0
485,Christina,Annie,Lawson,2147483647,7000.0
486,Jose,Melissa,Murphy,2147483647,7250.0
487,Jack,Cynthia,Jacobs,2147483647,7500.0
488,Kenneth,Paul,Scott,2147483647,8500.0
489,Peter,Chris,Gilbert,2147483647,8900.0
490,Marie,Steve,Stevens,2147483647,9250.0
491,Marilyn,Matthew,Alvarez,2147483647,7500.0
492,Lisa,Justin,Patterson,2147483647,8900.0
493,Judith,Barbara,Ellis,2147483647,8500.0
494,Bruce,Diana,Cole,2147483647,8000.0
495,Jacqueline,Margaret,Lynch,2147483647,7750.0
496,George,Steven,Moreno,2147483647,7500.0
497,Marie,Elizabeth,Austin,2147483647,8500.0
498,Carolyn,Johnny,Wells,2147483647,8500.0
499,Ruby,James,Romero,2147483647,8500.0
500,Ruth,Carl,Freeman,2147483647,7750.0
501,SyneCommerce,,,1234567890,100000.0
